Date,User,IsVerified,Tweet,Likes,RT,User_location
2021-07-22 22:47:28,jrt1201a,False,SPLICE-q: a Python tool for genome-wide quantification of splicing efficiency https://t.co/rFtH64lblt,0,0,austin texas
2021-07-22 22:47:06,Larry W,False,"@injuryexpert If you‚Äôre counting sketch comedy, Python had 4 seasons.",0,0,
2021-07-22 22:46:59,Academic Writers,False,"To get help in:
#Math hw
#excel
#Project
Pay Essay due
#Paywrite
#English
#Paper pay
#Someone do help
#Case‚Ä¶ https://t.co/khkoswMev2",1,2, New York | USA
2021-07-22 22:46:53,oneleggoalie,False,"#indiegames #indiedev #IndieGameDev #indiemusic #indie
#science
#laicism #TFSM #LGBTQ

#Infosec #cybersecurity‚Ä¶ https://t.co/kjz1kQtKUT",1,13,...down a rearview mirror...
2021-07-22 22:46:44,ACCOUNTING BUSINESS CALCULUS PRECAL STATS ECON,False,"We do Online class
#Sociology
#Exams
#Final paper
#Math
#Calculus
#Someone help
#Thesis
#Dissertation
#Stats‚Ä¶ https://t.co/VlhmnBR5ww",1,4,"Miamitown, OH"
2021-07-22 22:46:26,Karim Oliver,False,"My skills include, python, excel, and timely pop culture takes.",0,0,"Seattle, WA"
2021-07-22 22:46:11,oneleggoalie,False,"@womenIdiaspora @femtech_ ...coz old men don't dig #fashion üòê

#indiegames #indiedev #IndieGameDev #indiemusic‚Ä¶ https://t.co/cuKPfWdjlb",0,6,...down a rearview mirror...
2021-07-22 22:46:04,Stacy,False,"Natural Language Processing (NLP) with Python ‚Äî Tutorial ‚Üí https://t.co/0WnpykE9bg via @Towards_AI
#NLP‚Ä¶ https://t.co/gMdBprfiwS",0,2,"Cambridge, MA"
2021-07-22 22:46:02,Suman Sarkar,False,"Top programming languages for developers: JavaScript rules, but Python overtakes Java | ZDNet https://t.co/8ACYPso2jw",0,0,"Kolkata, India"
2021-07-22 22:45:24,Eileen Kelly,False,@RolandWall It‚Äôs hard to believe that things were this mind-numbingly stupid in Germany. What‚Äôs going on now remind‚Ä¶ https://t.co/OW1KTmb4oH,0,0,
2021-07-22 22:45:09,Photobot,False,This Hours Photo: #weather #minnesota #photo #raspberrypi #python https://t.co/NB6g21ppUB,0,4,"Lakeville, MN"
2021-07-22 22:45:05,Public Health Data Science,False,"Read the latest from @marknr about character types in our favorite #OpenSource software, #rstats!‚Ä¶ https://t.co/OLywxoKweL",1,3,"Boston, MA"
2021-07-22 22:45:03,The Tesseract Academy,False,"Data science bootcamp ‚Äì five python projects: Free intro to data science.
Leonard Apeltsin is the head of‚Ä¶ https://t.co/8TA5HVmViO",0,1,London
2021-07-22 22:45:00,TRINITY WRITING SERVICES,False,"Hit me up for help in pay 
Spring classes 
Math 
Chemistry
Physics
Biology
#javascript
#Python
Algebra
Finance‚Ä¶ https://t.co/F5ROEfq3Wm",0,5,
2021-07-22 22:44:56,Globalwide Talent,False,"MORI Associates, Inc. is looking for: Systems Monitoring Engineer - Python Automation
https://t.co/v9lA9PgDMq #job",0,0,"Houston, TX"
2021-07-22 22:44:15,Programming for Fun,False,"Python for 3D Printing (#Kindle), Using #Python to enhance the power of #OpenSCAD for #3D-modeling‚Ä¶ https://t.co/PQCNOoPiIS",0,2,Colorado
2021-07-22 22:43:59,oneleggoalie,False,"#indiegames #indiedev #IndieGameDev #indiemusic #indie
#science
#laicism #TFSM #LGBTQ

#Infosec #cybersecurity‚Ä¶ https://t.co/R2WDte0Kdl",1,11,...down a rearview mirror...
2021-07-22 22:43:35,ACCOUNTING #BUSINESS #STATS#CALCULUS #EXCEL etc,False,"#Biology
#javascript
#Python
#essaydue
#Math
#Algebra
#Statistics 
#Pay someone
#Essays
#English
#Chemistry‚Ä¶ https://t.co/gy00TfGDYc",2,6,"Miami Springs, FL"
2021-07-22 22:43:24,Cisco ‚Ä¢ A C R O B O T I C ü¶ø,False,"@SocraticaKim the python series is AMAZING, but if it was my channel i'd ""shadowban"" them w/o remorse ü§∑üèæ‚Äç‚ôÇÔ∏è",0,0,Messi GOAT ‚öΩÔ∏è
2021-07-22 22:42:53,Wajdi Alkayal,False,"Apple #Security Updates: IOS 14.7 Fixes WiFiDemon Flaw
#AppSec #cybersecurity  #datascience #javascript‚Ä¶ https://t.co/y7GiFFrq7K",0,16,Lebanon 
2021-07-22 22:42:43,Wajdi Alkayal,False,"Asset Inventory Management: What‚Äôs The Roi? 
#appscan #AppSec #cybersecurity  #datascience #javascript‚Ä¶ https://t.co/FwIHgexIrC",1,18,Lebanon 
2021-07-22 22:42:37,oneleggoalie,False,"#indiegames #indiedev #IndieGameDev #indiemusic #indie
#science
#laicism #TFSM #LGBTQ

#Infosec #cybersecurity‚Ä¶ https://t.co/Oibf3GUL0W",0,5,...down a rearview mirror...
2021-07-22 22:41:55,Ian Hogg,False,"If the Dune trailer were a food, I would be that guy who explodes in Monty Python's Meaning of Life.",0,0,around
2021-07-22 22:41:26,ACCOUNTING #BUSINESS #STATS#CALCULUS #EXCEL etc,False,"pay someone write
#python
Physics
Pay essay
essay help @CalculusStats
Maths
Pay biology
#Chem
Nursing
Pay assignmen‚Ä¶ https://t.co/rlrKjsAVqh",1,3,"Miami Springs, FL"
2021-07-22 22:41:10,ARS√àNE LUPIN,False,"@xuxxsa C++, Java &amp; Python. If he can understand C++ the rest will be easier to learn.",1,0,Toronto
2021-07-22 22:41:03,Developed Life,False,"@0xAlice_ Python and Vyper in public, JS behind closed doors üôà",1,0,‚àû
2021-07-22 22:40:22,${trader},False,"""If the only prayer you ever say in your entire life is thank you, it will be enough.""- Meister Eckhart‚Ä¶ https://t.co/fsn0k4Bhsb",1,8,Intra - Dimensional
2021-07-22 22:40:19,ACCOUNTING #BUSINESS #STATS#CALCULUS #EXCEL etc,False,"We assure  Best GPA in;
#spring classes.
Online classes
pay someone write
#python
Physics
Pay essay
essay help.
Mat‚Ä¶ https://t.co/lUHHtQHlaR",2,10,"Miami Springs, FL"
2021-07-22 22:40:18,Machine Learning Memoirs,False,"Natural Language Processing (NLP) with Python ‚Äî Tutorial ‚Üí https://t.co/M0DOGMi3P1 via @Towards_AI
#NLP‚Ä¶ https://t.co/yulUiYLJr9",0,3,"Cambridge, MA"
2021-07-22 22:40:03,Jeffrey MacAskill,False,"Once upon a time, Python the outstanding phenomenal language set sail for adventures. Python found an ancient book‚Ä¶ https://t.co/TV0x80ZIYv",0,0,
2021-07-22 22:40:02,Code Poetry Robot,False,"If you want to write Python, you must first master inscrutable failing tests",0,0,Skynet
2021-07-22 22:39:53,Henno van Arkel,False,"@gnugro @nostarch has a black hat Go book, as well as one on network programming. For purely sysadmin stuff I still prefer Python FWIW.",0,0,"Albuquerque, NM"
2021-07-22 22:39:45,CUSTOM PAPERSüë©‚Äçüéì,False,"Kindly DM me for your
Research paper
Pay someone
Essay pay
Pay write
Math
Philosophy 
Essay due
Paper write
Homewo‚Ä¶ https://t.co/dL7pm90vLG",0,0,"Colorado, USA"
2021-07-22 22:39:27,Chemistry/biology/essays Help,False,"Kindly DM me for your
Research paper
Pay someone
Essay pay
Pay write
Math
Philosophy 
Essay due
Paper write
Homewor‚Ä¶ https://t.co/Oh52Cmumry",0,0,United States
2021-07-22 22:39:04,Alice in Pentaland,False,@co_developed The main reason I posted python is cause it seems everyone around me here on CT is doing it.,1,0,Queen's Croquet Ground
2021-07-22 22:38:55,Gracey Assignments,False,"Look for the proficient for
#Assignmentdue
#homework 
#assignment 
#python
#online class
#javascript
#math‚Ä¶ https://t.co/N0vnW8ygTs",1,7,United States
2021-07-22 22:37:50,W R I T E W A V Eüåä,False,"Kindly DM us for help in;
#Essays
#summerclasses
#Project
#Research
#econometrics
#Paperpay
#Proposal
#Casestudy‚Ä¶ https://t.co/ENlchX8Ls0",0,7,"Massachusetts, USA"
2021-07-22 22:37:46,W R I T E YOUR PAPERS‚ô®,False,"Kindly DM us for help in;
#Essays
#summerclasses
#Project
#Research
#econometrics
#Paperpay
#Proposal
#Casestudy‚Ä¶ https://t.co/wia991MsMc",0,10,"Connecticut , USA"
2021-07-22 22:37:07,MooniTooki,False,"View my NFT on OpenSea. Created with @coingecko APIdata, Python, AI, &amp; ML. #nft #nftart #nftcollectors‚Ä¶ https://t.co/V7dAYgukvz",0,1,"Edinburgh, Scotland"
2021-07-22 22:37:00,Chemistry/biology/essays Help,False,"Kindly DM me for your
Research paper
Pay someone
Essay pay
Pay write
Math
Philosophy 
Essay due
Paper write
Homewor‚Ä¶ https://t.co/hU4XYjpIcE",0,0,United States
2021-07-22 22:36:26,CUSTOM PAPERSüë©‚Äçüéì,False,"Kindly DM me for your
Research paper
Pay someone
Essay pay
Pay write
Math
Philosophy 
Essay due
Paper write
Homewor‚Ä¶ https://t.co/Z1rU7DkskT",0,0,"Colorado, USA"
2021-07-22 22:36:24,Necio,False,How to Build SARIMA Model in Python #DeepLearning #learning #machinelearning  https://t.co/7kyTdGYVZl,0,2,"Gen√®ve, Suisse"
2021-07-22 22:35:50,Developed Life,False,"@0xAlice_ Observables are a useful pattern, been a while since I last used RxJS, will try it with Python ü§ù",1,0,‚àû
2021-07-22 22:35:47,CaltechLibrary,False,"Join our summer carpentry classes online next month: Introductions to Shell, Git, and Python Programming. You can l‚Ä¶ https://t.co/OTONNUDarO",0,0,"Pasadena, CA"
2021-07-22 22:35:21,Education4you.online,False,"#FEATURED #COURSES
Complete #Python #Developer in 2021: Zero to Mastery
How to become a #Python3 Developer and get‚Ä¶ https://t.co/kq87xPD4ZN",0,11,"Bradford, Yorkshire"
2021-07-22 22:35:00,FIDELITY WRITING SERVICES.,False,"Kindly DM me for your
Research paper
Pay someone
Essay pay
Pay write
Math
Philosophy 
Essay due
Paper write
Homewor‚Ä¶ https://t.co/cD29UaV6Jj",0,0,United States
2021-07-22 22:34:40,Mommy Meme Jeans,False,"Forget zodiac signs, tell me which member of Monty Python you had a weird crush on. https://t.co/GaWPhLIGWG",2,0,
2021-07-22 22:34:35,Chloe,False,"Nursing, Finance, Statistics (R, SPSS, STATA, Excel, and PYTHON Software), Calculus, Business, and Computer Science‚Ä¶ https://t.co/2g5K8CVFVk",0,0,"Texas, USA"
2021-07-22 22:34:14,noah sellers,False,"@rensflowers fr APES is super easy n there's typically a lot of really fun field trips that come with it, my teache‚Ä¶ https://t.co/9fU8vIWvjG",0,0,he/him
2021-07-22 22:34:10,MooniTooki,False,"View my NFT on OpenSea. Created with @coingecko APIdata, Python, AI, &amp; ML. #nft #nftart #nftcollectors‚Ä¶ https://t.co/3Ph7p2ExK7",0,1,"Edinburgh, Scotland"
2021-07-22 22:34:03,Umair Akbar,False,#nltk #python #deepdives #textanalysis #nlp A Natural Language Processing (NLP) Primer https://t.co/pbsINKdAyC,0,9,Cloud Engineer
2021-07-22 22:34:00,(THE GENIUS) #ASSIGNMENTS #ESSAYS #HOMEWORKüìù,False,"ay for;
#summer classes 
#Statistics
#Literature
#Nursing
#Biology
#chemistry
#psychology
#assignments
#homework‚Ä¶ https://t.co/lN8CZ1WXZf",1,4,United Kingdom
2021-07-22 22:33:37,KV Ram Reddy,False,"@ANoorTM Html
Css
JavaScript (Inc NODEJS) 
Java(for Android &amp; pg) 
Php
Solidity
Flutter
Python (learning)",0,1,"Darsi, Andhra Pradesh"
2021-07-22 22:33:36,WMK Tech,False,"Asset Inventory Management: What‚Äôs The Roi? 
#appscan #AppSec #cybersecurity  #datascience #javascript‚Ä¶ https://t.co/EM5QBYNXy1",3,24,
2021-07-22 22:33:33,Silencers Mufflers Baffles,False,Python 41511 Slash Cut Slip-On Muffler Set / Pair for Harley Softail 07-17 https://t.co/Dufw0TUYcU eBay https://t.co/1TqJLxGhMv,0,0,
2021-07-22 22:33:18,Jonny Smallwood,False,My lab is planning a study and need tasks with preexisting fMRI maps of the task in MNI space and a python / mat la‚Ä¶ https://t.co/rzOaxbEyHK,3,4,"Kingston, Ontario"
2021-07-22 22:33:01,W R I T E W A V Eüåä,False,"Pay for;
#summer classes 
#Statistics
#Literature
#Nursing
#Biology
#chemistry
#psychology
#assignments
#homework‚Ä¶ https://t.co/g2iP4cbpd9",1,1,"Massachusetts, USA"
2021-07-22 22:32:57,W R I T E YOUR PAPERS‚ô®,False,"Pay for;
#summer classes 
#Statistics
#Literature
#Nursing
#Biology
#chemistry
#psychology
#assignments
#homework‚Ä¶ https://t.co/j6hqR3VJbO",1,2,"Connecticut , USA"
2021-07-22 22:32:38,ThrottleFix.com,False,"Telegram's Roll-Your-Own Crypto Is Vulnerable
https://t.co/1uC7BoEfRy

#MachineLearning #5G #DataScience‚Ä¶ https://t.co/KKM2minTou",3,17,
2021-07-22 22:32:05,Sean G,False,"@daniilprigozhin @dsashital Thank you for retweeting this, Dipa. This was new info to me! Very exciting. And as an‚Ä¶ https://t.co/ZUbedOWf7Z",0,0,"Minnesota, USA"
2021-07-22 22:31:48,ThrottleFix.com,False,"Other¬†WHMCS | Web Hosting Billing
https://t.co/1uC7BoEfRy

#MachineLearning #5G #DataScience #100DaysOfCode
#Python‚Ä¶ https://t.co/0ouR4Jy6Kr",2,16,
2021-07-22 22:31:45,tummybadger,False,@gnugro I've been using Python for a long time but I'm making an effort to learn Go for improved execution speed an‚Ä¶ https://t.co/I8sEfAoKBu,1,0,"California, USA"
2021-07-22 22:31:28,"Jason Radford, PhD",False,"Just wrote a new class in Python to predict who's going to bring home gold and women's soccer. 

Its init to win it.",0,0,"Boston, MA"
2021-07-22 22:31:11,Roland Barreto (GeekNica),False,"Day #3. Arithmetic in Python, expressions, operators, etc.
Great day, now I¬¥m trying to code a simple calculator.‚Ä¶ https://t.co/tSZPdeWo9W",1,11,Nicaragua
2021-07-22 22:31:06,Fosserjo Pihole,False,"I am a #RaspberryPi #Python scripted bot
This is my daily #Pihole report:

Ads Blocked: 10329
Ads Percentage Today:‚Ä¶ https://t.co/ssKDrLOrNr",0,1,
2021-07-22 22:30:51,BOX PIPER,False,How to Use Python to Detect Music Onsets via https://t.co/tvxF8zq0gU,0,0,My website
2021-07-22 22:30:43,Johnny Resists,False,"@VudeParis @WriterlyTweets ‚ÄúBeans, beans, bacon, ‚Äòn‚Äô beans ‚Ä¶ it‚Äôs not got much beans in it.‚Äù - Paraphrased Monty Python",0,0,"Washington, DC"
2021-07-22 22:30:41,Andrea Marinaccio,False,BigFix Protection #ransomwareattacks #hclswlobp #nocode #lowcode #javascript #github #nodejs #cybersecurity #devops‚Ä¶ https://t.co/0EtZO8zfZU,0,18,"Milano, Italia"
2021-07-22 22:30:28,Remote Developer Jobs \_Ôæç(‚àÄÔΩÄ),False,C++ Software Engineer (Analytics) - Exponea at Bloomreach #Application #C++ #Database #DevOps #Education #Golang‚Ä¶ https://t.co/3QJqJmsF8u,0,5,
2021-07-22 22:30:11,iCode Southlake,False,"All Full Day STEAM Camps 10% Off
#programmer #webdesign #computerscience #roblox #python #youtube #minecraft‚Ä¶ https://t.co/WneAimdTXy",1,6,"2750 East Southlake Blvd, Suite # 120. Southlake -TX-76092                Ph:817-572-5720"
2021-07-22 22:30:03,Lewis Gavin,False,Malicious NPM Package Steals Passwords via Chrome‚Äôs Account-Recovery Tool https://t.co/chNIeQBuND #programming‚Ä¶ https://t.co/Fyn7qkLF8S,1,11,
2021-07-22 22:30:01,WMK Tech,False,"Apple #Security Updates: IOS 14.7 Fixes WiFiDemon Flaw
#AppSec #cybersecurity  #datascience #javascript‚Ä¶ https://t.co/28jjgIUJO9",5,33,
2021-07-22 22:30:01,Real Python,False,"üêçüì∞ Pandas Project: Make a Gradebook With Pandas

In this Python pandas project, you'll build a script to calculate‚Ä¶ https://t.co/p8sjWTho8z",12,9,
2021-07-22 22:30:00,Prime Classes,False,"Explore Our 100% Job Guarantee Programs by Prime Classes @ https://t.co/HLk8d2a3h1

Developers can Now Access a Ful‚Ä¶ https://t.co/oCKxoaPkbZ",0,6,India
2021-07-22 22:30:00,New Coupons 24,False,"Udemy Online Courses - Advanced REST APIs with Flask and Python -&gt; https://t.co/IPAVZRxXe0

#100DaysOfCode #udemy‚Ä¶ https://t.co/5yQ7MM6gJ7",2,10,
2021-07-22 22:29:55,Bikal Shrestha,False,The only difference between your abilities and others is the ability to put yourself in their shoes and actually tr‚Ä¶ https://t.co/YpNYcvMknQ,0,3,Nepal
2021-07-22 22:29:36,Dominik Bach√≥rz,False,"Day 22 of #100DaysOfCode in #Python
Solved problem of a day on #JetbrainsAcademy and covered conditional probabilit‚Ä¶ https://t.co/O8WGO0DfZm",2,11,
2021-07-22 22:29:05,CoolerData,False,Biased Data and How to Deal with It https://t.co/9Mkq351rbP #GetMoreInsights #CoolerData #Data #DeepLearning‚Ä¶ https://t.co/2NMgEULJ64,0,7,
2021-07-22 22:28:53,Romly,False,"""A comedy that the Tokyo Olympics ceremony director made 20 years ago has a line about genocide is unacceptable ter‚Ä¶ https://t.co/mn0BZAoBHb",3,0,Japan
2021-07-22 22:28:42,zobjobs US,False,"Sr Python Developer
from ConsultNet
#Python #jobs
https://t.co/8qqYy8rlpM",0,3,United States US
2021-07-22 22:27:51,Writerreffic,False,"Hire us
We have the best writers ever
Summer classes 
Essay pay
Projects
Resumes
Assignment due
Online class.
Math‚Ä¶ https://t.co/HcdJ2mK7oK",0,0,Minnesota 
2021-07-22 22:27:49,Python_717,False,@Romanova that's terrible,0,0,United States
2021-07-22 22:27:46,W R I T E W A V Eüåä,False,"Hire us
We have the best writers ever
Summer classes 
Essay pay
Projects
Resumes
Assignment due
Online class.
Math‚Ä¶ https://t.co/juVgzCdgCl",0,0,"Massachusetts, USA"
2021-07-22 22:27:41,W R I T E YOUR PAPERS‚ô®,False,"Hire us
We have the best writers ever
Summer classes 
Essay pay
Projects
Resumes
Assignment due
Online class.
Math‚Ä¶ https://t.co/keTxAR2Nt5",0,0,"Connecticut , USA"
2021-07-22 22:27:02,W15i Waseef,False,"And so it begins‚Ä¶

#indiedev #gamedev #IndieGameDev #pixelart #dev #100DaysOfCode #Python #coding #webdevelopment‚Ä¶ https://t.co/6SneMJHPQn",4,14,"Dhaka, Bangladesh"
2021-07-22 22:26:53,AI/ML Jobs ‚îå|‚àµ|‚îò,False,"Machine Learning Engineer at JPMorgan Chase Bank, N.A. (Jersey City, NJ) #AssetManagement #AWS #ComputerScience‚Ä¶ https://t.co/o26frdh4Gv",2,6,
2021-07-22 22:26:45,Perfect Grading,False,"Hmu for;
*Project
*Math
*Essay due
*Pay write
*English
*Paper pay
*Case study
*Quiz
*Do my homework
*Online classes‚Ä¶ https://t.co/sKFQZ7aRWN",0,0,"New York, USA"
2021-07-22 22:26:41,Gracey Assignments,False,"Have you scored grade A? We are bringing that feeling on repeat
 #essaypay
#Econometrics
#javascript
#WomenWhoCode‚Ä¶ https://t.co/BSnXZSaCIx",0,14,United States
2021-07-22 22:26:24,Perfect Grading,False,"Pay us to help you write your;
#Essay
#Course work
#Project
#Essay due
#Pay write
#coding
#Paperpay
#Someone help p‚Ä¶ https://t.co/PZis7gfdxR",0,6,"New York, USA"
2021-07-22 22:25:51,Ideal Writers. Research. HW. Assignment. Quiz,False,"We assure  Best GPA in;
#spring classes.
Online classes
pay someone write
#python
Physics
Pay essay
essay help.
Mat‚Ä¶ https://t.co/3AeAnKqvds",2,11,"Los Angeles, CA"
2021-07-22 22:25:43,Perfect Grading,False,"Kindly DM me for your
Research paper
Pay someone
Essay pay
Pay write
Math
Philosophy 
Essay due
Paper write
Homewor‚Ä¶ https://t.co/IaCwzr4Q3U",0,0,"New York, USA"
2021-07-22 22:25:33,Paolo Piccolo,False,Calling my commerce technical friends that are interested in eCommerce search.#hclswlobp #nocode #lowcode‚Ä¶ https://t.co/uAXY9gvbES,1,17,Roma - Italy
2021-07-22 22:25:03,SecurePassphrases,False,Secure and random passphrase: slice invite dual evening | Strength: 0.889703/0.99 | #passphrase #passwords‚Ä¶ https://t.co/RCFEoiaDRm,0,4,The Internet
2021-07-22 22:25:01,Ô£ø Derrall Garrison,False,I've learned so much from @FiriaLabs #codebot #codeSpace and the last day and a half with the #codeSpaceSimulator w‚Ä¶ https://t.co/l2zkbocguJ,1,3,"Cupertino (CA, United States)"
2021-07-22 22:24:53,Thin Always Wins,False,"@StupidTransFag Hahaha so I have now 11 snakes and 6 cats.. 6 corns different colours and patterns, 1 Royal Python‚Ä¶ https://t.co/dMBN3O1e0r",1,0,H 167cm / UGW 40kg/ UK-England
2021-07-22 22:24:49,Keith Murray,False,"r/Python is doing an AMA with @AlSweigart next week!

https://t.co/fq5H5UwkoG",0,0,
2021-07-22 22:24:26,Henno van Arkel,False,"@gnugro Single binaries (no dependency issues), you can compile cross platform, better concurrency, overall much fa‚Ä¶ https://t.co/PEbHo5dnum",1,0,"Albuquerque, NM"
2021-07-22 22:24:23,W-15 Interactive,False,"Hello, world!

#indiedev #indiedevhour #web #webdesign #webdevelopment #webdeveloper #100DaysOfCode #Python‚Ä¶ https://t.co/sItuswNYWq",2,15,"Dhaka, Bangladesh"
2021-07-22 22:24:00,Nakoya Wilson,False,"Day 32:

Today's project was an automated birthday wisher using the datetime and smtplib modules in Python. To test‚Ä¶ https://t.co/agwO9V5BRo",2,13,Trinidad and Tobago
2021-07-22 22:23:39,Meme Overflow,False,find hierarchy in xml structure https://t.co/nzKIXpGcUq #xml #xmlparsing #python #elementtree https://t.co/mLj1R412lO,0,3,
2021-07-22 22:23:22,Python,False,@ockandymassage I‚Äôll be seeing soon üòçüòçüòçüòç,0,0,
